step,episode,reward,length
1175,1,-20.000000,1175
2071,2,-20.000000,896
3175,3,-20.000000,1104
4054,4,-21.000000,879
4994,5,-21.000000,940
5878,6,-21.000000,884
6640,7,-21.000000,762
7637,8,-21.000000,997
8851,9,-20.000000,1214
9734,10,-21.000000,883
10677,11,-21.000000,943
11510,12,-21.000000,833
12349,13,-20.000000,839
13168,14,-21.000000,819
14037,15,-21.000000,869
14990,16,-20.000000,953
15894,17,-21.000000,904
16857,18,-19.000000,963
17998,19,-19.000000,1141
18815,20,-21.000000,817
19709,21,-21.000000,894
20467,22,-21.000000,758
21274,23,-21.000000,807
22455,24,-20.000000,1181
23231,25,-21.000000,776
24449,26,-16.000000,1218
25225,27,-21.000000,776
26137,28,-20.000000,912
26955,29,-21.000000,818
28016,30,-21.000000,1061
29038,31,-19.000000,1022
30004,32,-19.000000,966
30825,33,-21.000000,821
31929,34,-19.000000,1104
32846,35,-21.000000,917
33948,36,-19.000000,1102
34768,37,-21.000000,820
35844,38,-21.000000,1076
36621,39,-21.000000,777
37524,40,-21.000000,903
38524,41,-21.000000,1000
39422,42,-21.000000,898
40382,43,-20.000000,960
41600,44,-20.000000,1218
42547,45,-20.000000,947
43528,46,-20.000000,981
44456,47,-21.000000,928
45419,48,-21.000000,963
46382,49,-21.000000,963
47477,50,-20.000000,1095
48473,51,-19.000000,996
49357,52,-20.000000,884
50416,53,-20.000000,1059
51489,54,-20.000000,1073
52331,55,-20.000000,842
53349,56,-20.000000,1018
54246,57,-20.000000,897
55232,58,-21.000000,986
56082,59,-21.000000,850
57118,60,-18.000000,1036
57923,61,-21.000000,805
58744,62,-21.000000,821
59674,63,-20.000000,930
60598,64,-20.000000,924
61421,65,-21.000000,823
62319,66,-20.000000,898
63336,67,-19.000000,1017
64381,68,-20.000000,1045
65142,69,-21.000000,761
65933,70,-21.000000,791
66725,71,-21.000000,792
67488,72,-21.000000,763
68586,73,-19.000000,1098
69406,74,-21.000000,820
70402,75,-20.000000,996
71375,76,-19.000000,973
72252,77,-21.000000,877
73307,78,-18.000000,1055
74120,79,-21.000000,813
75169,80,-20.000000,1049
76083,81,-19.000000,914
76904,82,-21.000000,821
77834,83,-19.000000,930
79009,84,-19.000000,1175
79860,85,-21.000000,851
80736,86,-21.000000,876
81663,87,-21.000000,927
82608,88,-20.000000,945
83368,89,-21.000000,760
84356,90,-20.000000,988
85118,91,-21.000000,762
85879,92,-21.000000,761
86867,93,-20.000000,988
87655,94,-21.000000,788
88415,95,-21.000000,760
89422,96,-20.000000,1007
90375,97,-20.000000,953
91369,98,-19.000000,994
92276,99,-21.000000,907
93096,100,-21.000000,820
94034,101,-21.000000,938
95177,102,-21.000000,1143
95996,103,-21.000000,819
96894,104,-20.000000,898
97871,105,-21.000000,977
98768,106,-20.000000,897
99812,107,-20.000000,1044
100906,108,-19.000000,1094
101718,109,-21.000000,812
102536,110,-21.000000,818
103483,111,-19.000000,947
104360,112,-21.000000,877
105149,113,-21.000000,789
106031,114,-20.000000,882
106969,115,-20.000000,938
107805,116,-21.000000,836
108584,117,-21.000000,779
109551,118,-21.000000,967
110461,119,-20.000000,910
111499,120,-20.000000,1038
112499,121,-21.000000,1000
113397,122,-21.000000,898
114603,123,-19.000000,1206
115882,124,-18.000000,1279
116945,125,-19.000000,1063
117825,126,-20.000000,880
118613,127,-21.000000,788
119574,128,-21.000000,961
120787,129,-18.000000,1213
121549,130,-21.000000,762
122447,131,-21.000000,898
123208,132,-21.000000,761
124091,133,-21.000000,883
125046,134,-20.000000,955
125957,135,-20.000000,911
126810,136,-21.000000,853
127633,137,-21.000000,823
128912,138,-17.000000,1279
129675,139,-21.000000,763
130639,140,-20.000000,964
131646,141,-20.000000,1007
132492,142,-21.000000,846
133270,143,-21.000000,778
134313,144,-19.000000,1043
135161,145,-21.000000,848
136122,146,-21.000000,961
136882,147,-21.000000,760
137980,148,-18.000000,1098
138981,149,-21.000000,1001
139944,150,-20.000000,963
140890,151,-20.000000,946
141836,152,-21.000000,946
142858,153,-19.000000,1022
143986,154,-18.000000,1128
144955,155,-21.000000,969
145839,156,-21.000000,884
146704,157,-20.000000,865
147536,158,-21.000000,832
148316,159,-21.000000,780
149235,160,-20.000000,919
150205,161,-19.000000,970
151201,162,-19.000000,996
152167,163,-19.000000,966
153063,164,-20.000000,896
153939,165,-20.000000,876
154699,166,-21.000000,760
155540,167,-20.000000,841
156506,168,-19.000000,966
157346,169,-20.000000,840
158152,170,-21.000000,806
158915,171,-21.000000,763
159892,172,-19.000000,977
160976,173,-20.000000,1084
161956,174,-19.000000,980
162896,175,-21.000000,940
163714,176,-21.000000,818
164734,177,-21.000000,1020
165659,178,-21.000000,925
166446,179,-21.000000,787
167349,180,-21.000000,903
168328,181,-20.000000,979
169202,182,-21.000000,874
170024,183,-21.000000,822
171176,184,-19.000000,1152
172041,185,-20.000000,865
172888,186,-21.000000,847
173874,187,-19.000000,986
174638,188,-21.000000,764
175729,189,-19.000000,1091
176607,190,-21.000000,878
177649,191,-19.000000,1042
178441,192,-21.000000,792
179340,193,-20.000000,899
180425,194,-21.000000,1085
181277,195,-21.000000,852
182146,196,-21.000000,869
182934,197,-21.000000,788
184044,198,-20.000000,1110
184939,199,-20.000000,895
185799,200,-20.000000,860
186685,201,-20.000000,886
187533,202,-21.000000,848
188481,203,-20.000000,948
189330,204,-21.000000,849
190217,205,-20.000000,887
191224,206,-20.000000,1007
192170,207,-21.000000,946
192991,208,-21.000000,821
193967,209,-20.000000,976
194819,210,-21.000000,852
195634,211,-21.000000,815
196553,212,-20.000000,919
197452,213,-20.000000,899
198335,214,-21.000000,883
199242,215,-21.000000,907
200095,216,-21.000000,853
201027,217,-21.000000,932
201845,218,-21.000000,818
202666,219,-21.000000,821
203626,220,-20.000000,960
204502,221,-20.000000,876
205491,222,-21.000000,989
206254,223,-21.000000,763
207133,224,-20.000000,879
208014,225,-21.000000,881
209062,226,-19.000000,1048
210073,227,-19.000000,1011
211069,228,-20.000000,996
212049,229,-21.000000,980
212857,230,-21.000000,808
213708,231,-21.000000,851
214605,232,-20.000000,897
215732,233,-19.000000,1127
216691,234,-19.000000,959
217570,235,-21.000000,879
218329,236,-21.000000,759
219121,237,-21.000000,792
220370,238,-19.000000,1249
221388,239,-20.000000,1018
222459,240,-19.000000,1071
223235,241,-21.000000,776
224302,242,-20.000000,1067
225170,243,-21.000000,868
226127,244,-20.000000,957
226945,245,-21.000000,818
227955,246,-20.000000,1010
228932,247,-20.000000,977
229752,248,-21.000000,820
230652,249,-21.000000,900
231625,250,-21.000000,973
232571,251,-20.000000,946
233538,252,-21.000000,967
234528,253,-21.000000,990
235700,254,-20.000000,1172
236696,255,-21.000000,996
237666,256,-21.000000,970
238758,257,-21.000000,1092
239656,258,-21.000000,898
240557,259,-20.000000,901
241511,260,-21.000000,954
242411,261,-21.000000,900
243322,262,-21.000000,911
244142,263,-21.000000,820
245365,264,-18.000000,1223
246284,265,-20.000000,919
247042,266,-21.000000,758
248070,267,-21.000000,1028
248855,268,-21.000000,785
249765,269,-21.000000,910
250704,270,-21.000000,939
251544,271,-21.000000,840
252445,272,-21.000000,901
253209,273,-21.000000,764
254032,274,-21.000000,823
254795,275,-21.000000,763
255895,276,-20.000000,1100
256652,277,-21.000000,757
257668,278,-20.000000,1016
258631,279,-20.000000,963
259420,280,-21.000000,789
260361,281,-20.000000,941
261301,282,-21.000000,940
262150,283,-21.000000,849
263048,284,-20.000000,898
264034,285,-19.000000,986
265253,286,-18.000000,1219
266248,287,-19.000000,995
267133,288,-20.000000,885
268002,289,-21.000000,869
268821,290,-21.000000,819
269659,291,-21.000000,838
270494,292,-20.000000,835
271588,293,-19.000000,1094
272424,294,-21.000000,836
273308,295,-21.000000,884
274152,296,-21.000000,844
275070,297,-20.000000,918
276148,298,-19.000000,1078
276987,299,-21.000000,839
277931,300,-19.000000,944
278771,301,-21.000000,840
279845,302,-19.000000,1074
280695,303,-21.000000,850
281636,304,-21.000000,941
282671,305,-20.000000,1035
283615,306,-20.000000,944
284545,307,-20.000000,930
285500,308,-20.000000,955
286333,309,-20.000000,833
287319,310,-20.000000,986
288277,311,-21.000000,958
289279,312,-20.000000,1002
290237,313,-20.000000,958
291221,314,-19.000000,984
291982,315,-21.000000,761
292932,316,-21.000000,950
293808,317,-21.000000,876
294746,318,-19.000000,938
295719,319,-20.000000,973
296529,320,-21.000000,810
297413,321,-21.000000,884
298372,322,-19.000000,959
299133,323,-21.000000,761
300004,324,-21.000000,871
300931,325,-21.000000,927
301820,326,-21.000000,889
302766,327,-20.000000,946
303616,328,-21.000000,850
304771,329,-19.000000,1155
305590,330,-21.000000,819
306482,331,-20.000000,892
307429,332,-20.000000,947
308418,333,-19.000000,989
309333,334,-20.000000,915
310152,335,-21.000000,819
310991,336,-21.000000,839
311995,337,-20.000000,1004
312840,338,-21.000000,845
313870,339,-19.000000,1030
314952,340,-20.000000,1082
315761,341,-21.000000,809
316780,342,-20.000000,1019
317695,343,-19.000000,915
318582,344,-20.000000,887
319469,345,-20.000000,887
320498,346,-20.000000,1029
321493,347,-18.000000,995
322463,348,-20.000000,970
323412,349,-20.000000,949
324314,350,-20.000000,902
325447,351,-17.000000,1133
326333,352,-20.000000,886
327317,353,-20.000000,984
328214,354,-20.000000,897
329120,355,-21.000000,906
329970,356,-21.000000,850
331282,357,-16.000000,1312
332349,358,-20.000000,1067
333345,359,-20.000000,996
334379,360,-20.000000,1034
335297,361,-20.000000,918
336284,362,-20.000000,987
337234,363,-20.000000,950
338200,364,-20.000000,966
339163,365,-19.000000,963
340051,366,-20.000000,888
340998,367,-20.000000,947
342090,368,-19.000000,1092
343189,369,-20.000000,1099
344094,370,-21.000000,905
345137,371,-20.000000,1043
346202,372,-20.000000,1065
347100,373,-21.000000,898
348018,374,-20.000000,918
349091,375,-20.000000,1073
349998,376,-21.000000,907
350969,377,-21.000000,971
352080,378,-20.000000,1111
353049,379,-21.000000,969
354166,380,-21.000000,1117
355123,381,-20.000000,957
355900,382,-21.000000,777
357006,383,-21.000000,1106
358208,384,-19.000000,1202
359381,385,-20.000000,1173
360981,386,-15.000000,1600
361915,387,-19.000000,934
362855,388,-21.000000,940
363890,389,-21.000000,1035
364775,390,-21.000000,885
365907,391,-18.000000,1132
366768,392,-20.000000,861
367918,393,-19.000000,1150
369005,394,-20.000000,1087
370092,395,-19.000000,1087
371179,396,-19.000000,1087
372131,397,-21.000000,952
373193,398,-20.000000,1062
374203,399,-19.000000,1010
374990,400,-21.000000,787
375833,401,-21.000000,843
376762,402,-21.000000,929
378297,403,-14.000000,1535
379282,404,-20.000000,985
380426,405,-19.000000,1144
381429,406,-21.000000,1003
382448,407,-20.000000,1019
383703,408,-17.000000,1255
384485,409,-21.000000,782
385629,410,-19.000000,1144
386654,411,-20.000000,1025
387600,412,-20.000000,946
388652,413,-21.000000,1052
389694,414,-20.000000,1042
390547,415,-21.000000,853
391459,416,-21.000000,912
392392,417,-21.000000,933
393430,418,-19.000000,1038
394577,419,-21.000000,1147
395646,420,-20.000000,1069
396580,421,-20.000000,934
397598,422,-20.000000,1018
398577,423,-20.000000,979
399475,424,-21.000000,898
400876,425,-20.000000,1401
401948,426,-18.000000,1072
402891,427,-21.000000,943
403938,428,-20.000000,1047
404895,429,-20.000000,957
406134,430,-17.000000,1239
407033,431,-21.000000,899
408117,432,-19.000000,1084
409075,433,-20.000000,958
410017,434,-20.000000,942
410971,435,-21.000000,954
412093,436,-19.000000,1122
413094,437,-21.000000,1001
414151,438,-19.000000,1057
415169,439,-21.000000,1018
416113,440,-20.000000,944
417076,441,-21.000000,963
417953,442,-20.000000,877
419109,443,-20.000000,1156
420132,444,-20.000000,1023
421149,445,-20.000000,1017
422415,446,-19.000000,1266
423504,447,-20.000000,1089
424515,448,-20.000000,1011
425596,449,-21.000000,1081
426566,450,-19.000000,970
427473,451,-21.000000,907
428464,452,-20.000000,991
429636,453,-17.000000,1172
430653,454,-21.000000,1017
431656,455,-19.000000,1003
432831,456,-19.000000,1175
433874,457,-18.000000,1043
434880,458,-19.000000,1006
435851,459,-20.000000,971
436755,460,-20.000000,904
438099,461,-18.000000,1344
439344,462,-20.000000,1245
440608,463,-19.000000,1264
441785,464,-19.000000,1177
442760,465,-19.000000,975
443883,466,-19.000000,1123
444959,467,-20.000000,1076
445916,468,-20.000000,957
447137,469,-19.000000,1221
447985,470,-21.000000,848
448999,471,-20.000000,1014
450069,472,-20.000000,1070
451217,473,-20.000000,1148
452027,474,-21.000000,810
453225,475,-18.000000,1198
454358,476,-19.000000,1133
455428,477,-21.000000,1070
456530,478,-20.000000,1102
457616,479,-19.000000,1086
458620,480,-20.000000,1004
459675,481,-19.000000,1055
460625,482,-21.000000,950
461541,483,-21.000000,916
462475,484,-20.000000,934
463652,485,-19.000000,1177
464684,486,-20.000000,1032
465685,487,-21.000000,1001
466549,488,-20.000000,864
467554,489,-20.000000,1005
468771,490,-18.000000,1217
469773,491,-21.000000,1002
471015,492,-19.000000,1242
472039,493,-20.000000,1024
473134,494,-20.000000,1095
474041,495,-21.000000,907
474945,496,-20.000000,904
476000,497,-20.000000,1055
477004,498,-20.000000,1004
477826,499,-21.000000,822
478726,500,-21.000000,900
479987,501,-20.000000,1261
481096,502,-18.000000,1109
482234,503,-19.000000,1138
483280,504,-20.000000,1046
484255,505,-20.000000,975
485214,506,-20.000000,959
486311,507,-21.000000,1097
487285,508,-21.000000,974
488243,509,-21.000000,958
489278,510,-20.000000,1035
490191,511,-21.000000,913
491422,512,-20.000000,1231
492470,513,-21.000000,1048
493308,514,-21.000000,838
494245,515,-21.000000,937
495383,516,-20.000000,1138
496145,517,-21.000000,762
497355,518,-19.000000,1210
498332,519,-19.000000,977
499401,520,-19.000000,1069
500385,521,-20.000000,984
501341,522,-21.000000,956
502353,523,-20.000000,1012
503487,524,-20.000000,1134
504572,525,-20.000000,1085
505689,526,-20.000000,1117
506608,527,-21.000000,919
507635,528,-21.000000,1027
508934,529,-19.000000,1299
509858,530,-21.000000,924
510851,531,-21.000000,993
511806,532,-20.000000,955
512703,533,-21.000000,897
513984,534,-19.000000,1281
515277,535,-19.000000,1293
516462,536,-20.000000,1185
517662,537,-21.000000,1200
518527,538,-21.000000,865
519758,539,-19.000000,1231
521010,540,-20.000000,1252
522447,541,-18.000000,1437
523678,542,-18.000000,1231
525033,543,-19.000000,1355
526130,544,-20.000000,1097
527266,545,-18.000000,1136
528240,546,-21.000000,974
529756,547,-18.000000,1516
531103,548,-18.000000,1347
532218,549,-19.000000,1115
533597,550,-18.000000,1379
534812,551,-19.000000,1215
536179,552,-20.000000,1367
537171,553,-21.000000,992
538250,554,-20.000000,1079
539295,555,-20.000000,1045
540425,556,-20.000000,1130
541643,557,-19.000000,1218
542950,558,-19.000000,1307
544116,559,-21.000000,1166
545121,560,-20.000000,1005
546812,561,-14.000000,1691
548301,562,-16.000000,1489
549494,563,-18.000000,1193
550837,564,-19.000000,1343
552184,565,-19.000000,1347
553451,566,-18.000000,1267
554771,567,-19.000000,1320
555854,568,-19.000000,1083
556982,569,-20.000000,1128
558038,570,-21.000000,1056
559551,571,-18.000000,1513
560654,572,-20.000000,1103
561759,573,-21.000000,1105
563145,574,-18.000000,1386
564060,575,-20.000000,915
565263,576,-18.000000,1203
566795,577,-15.000000,1532
568244,578,-16.000000,1449
569501,579,-18.000000,1257
570860,580,-18.000000,1359
572465,581,-19.000000,1605
573553,582,-20.000000,1088
575072,583,-16.000000,1519
576327,584,-20.000000,1255
577929,585,-19.000000,1602
579174,586,-21.000000,1245
580276,587,-19.000000,1102
581974,588,-17.000000,1698
583695,589,-16.000000,1721
584976,590,-18.000000,1281
586448,591,-17.000000,1472
587831,592,-18.000000,1383
589208,593,-19.000000,1377
590530,594,-17.000000,1322
592055,595,-17.000000,1525
593571,596,-17.000000,1516
595138,597,-17.000000,1567
596337,598,-18.000000,1199
597926,599,-18.000000,1589
599279,600,-18.000000,1353
600445,601,-19.000000,1166
601937,602,-18.000000,1492
603082,603,-20.000000,1145
604035,604,-20.000000,953
605236,605,-18.000000,1201
606624,606,-20.000000,1388
607779,607,-19.000000,1155
609147,608,-20.000000,1368
610119,609,-20.000000,972
611493,610,-19.000000,1374
612795,611,-19.000000,1302
614246,612,-19.000000,1451
615985,613,-15.000000,1739
617326,614,-20.000000,1341
619035,615,-17.000000,1709
620510,616,-17.000000,1475
621872,617,-21.000000,1362
623507,618,-18.000000,1635
624988,619,-20.000000,1481
626290,620,-17.000000,1302
627501,621,-19.000000,1211
628775,622,-19.000000,1274
630009,623,-21.000000,1234
631631,624,-17.000000,1622
633019,625,-19.000000,1388
634457,626,-17.000000,1438
636086,627,-14.000000,1629
637566,628,-18.000000,1480
639016,629,-20.000000,1450
640295,630,-18.000000,1279
641617,631,-20.000000,1322
643381,632,-15.000000,1764
644835,633,-18.000000,1454
646101,634,-19.000000,1266
648071,635,-16.000000,1970
649364,636,-18.000000,1293
650797,637,-18.000000,1433
652199,638,-17.000000,1402
653292,639,-19.000000,1093
654772,640,-18.000000,1480
656210,641,-18.000000,1438
657728,642,-19.000000,1518
659255,643,-20.000000,1527
661069,644,-20.000000,1814
662728,645,-20.000000,1659
664563,646,-15.000000,1835
666257,647,-18.000000,1694
668145,648,-17.000000,1888
669514,649,-19.000000,1369
671200,650,-18.000000,1686
673192,651,-16.000000,1992
674446,652,-19.000000,1254
676099,653,-19.000000,1653
677355,654,-19.000000,1256
679275,655,-16.000000,1920
681197,656,-18.000000,1922
682991,657,-17.000000,1794
684733,658,-17.000000,1742
686559,659,-15.000000,1826
688840,660,-16.000000,2281
690663,661,-16.000000,1823
692493,662,-19.000000,1830
694183,663,-17.000000,1690
696060,664,-16.000000,1877
698063,665,-15.000000,2003
700026,666,-15.000000,1963
701915,667,-16.000000,1889
704051,668,-13.000000,2136
705784,669,-18.000000,1733
708075,670,-12.000000,2291
709685,671,-17.000000,1610
711399,672,-17.000000,1714
712790,673,-18.000000,1391
714442,674,-19.000000,1652
716065,675,-17.000000,1623
718166,676,-12.000000,2101
719695,677,-18.000000,1529
722105,678,-13.000000,2410
724363,679,-13.000000,2258
725908,680,-21.000000,1545
728177,681,-16.000000,2269
729941,682,-17.000000,1764
732134,683,-14.000000,2193
734098,684,-18.000000,1964
736226,685,-17.000000,2128
738520,686,-16.000000,2294
740572,687,-17.000000,2052
742209,688,-18.000000,1637
744191,689,-18.000000,1982
746314,690,-15.000000,2123
748571,691,-17.000000,2257
750565,692,-18.000000,1994
753082,693,-9.000000,2517
754580,694,-20.000000,1498
756391,695,-17.000000,1811
758234,696,-14.000000,1843
760070,697,-13.000000,1836
762874,698,-12.000000,2804
765200,699,-11.000000,2326
767526,700,-15.000000,2326
769458,701,-17.000000,1932
770897,702,-18.000000,1439
772509,703,-18.000000,1612
774305,704,-19.000000,1796
776549,705,-13.000000,2244
778578,706,-17.000000,2029
780193,707,-19.000000,1615
782201,708,-19.000000,2008
783976,709,-16.000000,1775
786018,710,-19.000000,2042
788150,711,-14.000000,2132
790125,712,-16.000000,1975
792100,713,-17.000000,1975
794369,714,-16.000000,2269
796150,715,-17.000000,1781
797746,716,-18.000000,1596
800127,717,-12.000000,2381
802283,718,-15.000000,2156
804186,719,-17.000000,1903
806389,720,-15.000000,2203
808932,721,-11.000000,2543
810967,722,-20.000000,2035
813837,723,-14.000000,2870
816121,724,-18.000000,2284
818689,725,-12.000000,2568
820890,726,-13.000000,2201
823149,727,-14.000000,2259
825855,728,-14.000000,2706
827963,729,-17.000000,2108
830027,730,-13.000000,2064
832208,731,-17.000000,2181
834227,732,-17.000000,2019
836477,733,-17.000000,2250
838303,734,-17.000000,1826
840757,735,-17.000000,2454
842978,736,-14.000000,2221
845610,737,-16.000000,2632
848105,738,-15.000000,2495
850134,739,-17.000000,2029
852936,740,-10.000000,2802
854592,741,-17.000000,1656
857339,742,-15.000000,2747
859363,743,-15.000000,2024
861794,744,-16.000000,2431
864052,745,-17.000000,2258
866039,746,-17.000000,1987
868389,747,-18.000000,2350
870296,748,-17.000000,1907
872582,749,-15.000000,2286
874648,750,-14.000000,2066
877575,751,-5.000000,2927
879621,752,-15.000000,2046
882002,753,-15.000000,2381
884814,754,-7.000000,2812
887474,755,-15.000000,2660
890107,756,-13.000000,2633
891853,757,-17.000000,1746
893720,758,-17.000000,1867
896690,759,-4.000000,2970
898835,760,-15.000000,2145
901217,761,-13.000000,2382
904403,762,-8.000000,3186
906696,763,-13.000000,2293
909600,764,-11.000000,2904
911686,765,-16.000000,2086
913879,766,-15.000000,2193
916010,767,-18.000000,2131
919220,768,-6.000000,3210
922086,769,-10.000000,2866
923749,770,-19.000000,1663
926666,771,-8.000000,2917
930274,772,-5.000000,3608
932489,773,-13.000000,2215
934724,774,-14.000000,2235
936802,775,-13.000000,2078
938270,776,-18.000000,1468
940636,777,-14.000000,2366
942552,778,-15.000000,1916
944471,779,-17.000000,1919
946430,780,-17.000000,1959
949127,781,-13.000000,2697
951040,782,-18.000000,1913
953048,783,-17.000000,2008
955236,784,-18.000000,2188
957833,785,-14.000000,2597
960210,786,-12.000000,2377
962790,787,-10.000000,2580
964929,788,-18.000000,2139
967696,789,-16.000000,2767
969938,790,-15.000000,2242
972959,791,-13.000000,3021
975668,792,-7.000000,2709
978480,793,-12.000000,2812
981666,794,-6.000000,3186
984005,795,-11.000000,2339
987142,796,-6.000000,3137
989933,797,-12.000000,2791
992637,798,-8.000000,2704
994974,799,-17.000000,2337
997266,800,-18.000000,2292
1000346,801,-8.000000,3080
1002917,802,-13.000000,2571
1005778,803,-12.000000,2861
1009569,804,-1.000000,3791
1012734,805,-7.000000,3165
1015239,806,-14.000000,2505
1017853,807,-15.000000,2614
1021042,808,-9.000000,3189
1023538,809,-13.000000,2496
1026378,810,-10.000000,2840
1029157,811,-11.000000,2779
1031932,812,-9.000000,2775
1034639,813,-7.000000,2707
1037885,814,-7.000000,3246
1041387,815,-7.000000,3502
1043892,816,-14.000000,2505
1046307,817,-11.000000,2415
1048806,818,-14.000000,2499
1051450,819,-13.000000,2644
1053556,820,-20.000000,2106
1056507,821,-16.000000,2951
1059834,822,-2.000000,3327
1061818,823,-18.000000,1984
1065051,824,6.000000,3233
1067592,825,-18.000000,2541
1070180,826,-13.000000,2588
1073413,827,-2.000000,3233
1075847,828,-9.000000,2434
1079137,829,-3.000000,3290
1082245,830,-5.000000,3108
1083985,831,-18.000000,1740
1086657,832,-8.000000,2672
1089806,833,-5.000000,3149
1092188,834,-12.000000,2382
1095109,835,-5.000000,2921
1098052,836,-7.000000,2943
1101120,837,-12.000000,3068
1103830,838,-11.000000,2710
1106258,839,-17.000000,2428
1108635,840,-15.000000,2377
1111376,841,-9.000000,2741
1113933,842,-16.000000,2557
1117060,843,-7.000000,3127
1119776,844,-10.000000,2716
1122344,845,-14.000000,2568
1126221,846,-2.000000,3877
1129111,847,-9.000000,2890
1131459,848,-15.000000,2348
1134194,849,-7.000000,2735
1136399,850,-16.000000,2205
1139339,851,-3.000000,2940
1141510,852,-15.000000,2171
1143950,853,-15.000000,2440
1146069,854,-16.000000,2119
1149151,855,-5.000000,3082
1151182,856,-20.000000,2031
1153665,857,-12.000000,2483
1156284,858,-15.000000,2619
1158978,859,-12.000000,2694
1161425,860,-11.000000,2447
1164364,861,-5.000000,2939
1167155,862,-7.000000,2791
1170434,863,-4.000000,3279
1173589,864,-9.000000,3155
1176575,865,-3.000000,2986
1178912,866,-8.000000,2337
1181199,867,-14.000000,2287
1184411,868,-5.000000,3212
1186811,869,-16.000000,2400
1189621,870,-13.000000,2810
1191986,871,-13.000000,2365
1195136,872,-10.000000,3150
1197328,873,-16.000000,2192
1200458,874,-4.000000,3130
1203852,875,-2.000000,3394
1206955,876,-4.000000,3103
1209868,877,-14.000000,2913
1212926,878,-10.000000,3058
1215427,879,-12.000000,2501
1218648,880,-4.000000,3221
1221021,881,-12.000000,2373
1223495,882,-15.000000,2474
1226607,883,-4.000000,3112
1229547,884,-6.000000,2940
1231680,885,-17.000000,2133
1234805,886,-5.000000,3125
1237310,887,-12.000000,2505
1239645,888,-15.000000,2335
1242729,889,-8.000000,3084
1245027,890,-15.000000,2298
1247528,891,-9.000000,2501
1249659,892,-15.000000,2131
1252225,893,-14.000000,2566
1254652,894,-10.000000,2427
1256913,895,-11.000000,2261
1260412,896,-1.000000,3499
1263498,897,-8.000000,3086
1266145,898,-11.000000,2647
1269018,899,-7.000000,2873
1271781,900,-11.000000,2763
1274815,901,-8.000000,3034
1278683,902,5.000000,3868
1281317,903,-9.000000,2634
1284593,904,-7.000000,3276
1287779,905,-4.000000,3186
1290622,906,-10.000000,2843
1293105,907,-10.000000,2483
1295715,908,-13.000000,2610
1298196,909,-16.000000,2481
1301378,910,-2.000000,3182
1304408,911,-8.000000,3030
1306747,912,-11.000000,2339
1309396,913,-10.000000,2649
1312030,914,-10.000000,2634
1314024,915,-14.000000,1994
1316669,916,-9.000000,2645
1319344,917,-11.000000,2675
1321645,918,-12.000000,2301
1324347,919,-11.000000,2702
1327331,920,-6.000000,2984
1330904,921,2.000000,3573
1333730,922,-7.000000,2826
1336229,923,-12.000000,2499
1339132,924,-9.000000,2903
1342526,925,-7.000000,3394
1345789,926,-6.000000,3263
1349087,927,-6.000000,3298
1351828,928,-9.000000,2741
1354850,929,-5.000000,3022
1358452,930,-4.000000,3602
1361495,931,-12.000000,3043
1364195,932,-12.000000,2700
1367268,933,-7.000000,3073
1370235,934,-9.000000,2967
1372773,935,-10.000000,2538
1375258,936,-10.000000,2485
1377944,937,-10.000000,2686
1380878,938,-8.000000,2934
1383611,939,-8.000000,2733
1386119,940,-8.000000,2508
1388897,941,-11.000000,2778
1391727,942,-8.000000,2830
1393870,943,-14.000000,2143
1396862,944,-6.000000,2992
1399581,945,-9.000000,2719
1402867,946,-6.000000,3286
1405450,947,-10.000000,2583
1408330,948,-11.000000,2880
1411300,949,-8.000000,2970
1413752,950,-11.000000,2452
1416101,951,-13.000000,2349
1419467,952,-6.000000,3366
1422888,953,-4.000000,3421
1425978,954,-11.000000,3090
1429134,955,-7.000000,3156
1432225,956,-9.000000,3091
1435285,957,-8.000000,3060
1438817,958,-5.000000,3532
1441849,959,-6.000000,3032
1445329,960,-5.000000,3480
1448426,961,-12.000000,3097
1451492,962,-10.000000,3066
1454542,963,-8.000000,3050
1457555,964,-8.000000,3013
1460232,965,-11.000000,2677
1463211,966,-9.000000,2979
1467115,967,-1.000000,3904
1469729,968,-11.000000,2614
1472964,969,-5.000000,3235
1476364,970,-4.000000,3400
1479497,971,-10.000000,3133
1482569,972,-9.000000,3072
1485788,973,-8.000000,3219
1489333,974,-4.000000,3545
1492448,975,-8.000000,3115
1496255,976,2.000000,3807
1500029,977,-1.000000,3774
1502844,978,11.000000,2815
1507027,979,-5.000000,4183
1511250,980,-3.000000,4223
1514252,981,-9.000000,3002
1517021,982,-11.000000,2769
1520292,983,-6.000000,3271
1522969,984,-10.000000,2677
1526197,985,-9.000000,3228
1528934,986,-5.000000,2737
1531683,987,-10.000000,2749
1535554,988,-1.000000,3871
1538367,989,-9.000000,2813
1541764,990,-4.000000,3397
1544463,991,-8.000000,2699
1547331,992,-7.000000,2868
1551649,993,1.000000,4318
1555398,994,-1.000000,3749
1558887,995,-2.000000,3489
1562186,996,-7.000000,3299
1565207,997,-10.000000,3021
1568432,998,3.000000,3225
1571325,999,-8.000000,2893
1575128,1000,1.000000,3803
1577904,1001,-9.000000,2776
1580966,1002,-10.000000,3062
1584758,1003,1.000000,3792
1588258,1004,2.000000,3500
1591573,1005,-2.000000,3315
1596270,1006,2.000000,4697
1599705,1007,-3.000000,3435
1603261,1008,-6.000000,3556
1606775,1009,-7.000000,3514
1610752,1010,-5.000000,3977
1614527,1011,-3.000000,3775
1618648,1012,1.000000,4121
1622333,1013,-3.000000,3685
1625827,1014,-4.000000,3494
1629488,1015,-4.000000,3661
1633024,1016,-5.000000,3536
1636365,1017,1.000000,3341
1639211,1018,-6.000000,2846
1642884,1019,-4.000000,3673
1646703,1020,-2.000000,3819
1649957,1021,-12.000000,3254
1653422,1022,-3.000000,3465
1656942,1023,-4.000000,3520
1660418,1024,-6.000000,3476
1663957,1025,2.000000,3539
1667383,1026,-7.000000,3426
1670947,1027,5.000000,3564
1674542,1028,1.000000,3595
1678583,1029,4.000000,4041
1682106,1030,-3.000000,3523
1684968,1031,-9.000000,2862
1688421,1032,-4.000000,3453
1692525,1033,-3.000000,4104
1697540,1034,-5.000000,5015
1700708,1035,-5.000000,3168
1704311,1036,-3.000000,3603
1708145,1037,-4.000000,3834
1711980,1038,3.000000,3835
1715672,1039,-5.000000,3692
1718868,1040,-8.000000,3196
1722026,1041,-8.000000,3158
1726045,1042,2.000000,4019
1729731,1043,-4.000000,3686
1733449,1044,6.000000,3718
1736694,1045,-6.000000,3245
1740281,1046,-6.000000,3587
1743961,1047,8.000000,3680
1748233,1048,-6.000000,4272
1752537,1049,-2.000000,4304
1757234,1050,6.000000,4697
1761414,1051,5.000000,4180
1765487,1052,-4.000000,4073
1769224,1053,-2.000000,3737
1772678,1054,1.000000,3454
1775780,1055,-9.000000,3102
1779609,1056,3.000000,3829
1783201,1057,-4.000000,3592
1787592,1058,-2.000000,4391
1790997,1059,-7.000000,3405
1795312,1060,2.000000,4315
1799256,1061,2.000000,3944
1802733,1062,-4.000000,3477
1806741,1063,-1.000000,4008
1810395,1064,-1.000000,3654
1813687,1065,-6.000000,3292
1817041,1066,-11.000000,3354
1820116,1067,-7.000000,3075
1823182,1068,-5.000000,3066
1827061,1069,2.000000,3879
1830282,1070,3.000000,3221
1832990,1071,-12.000000,2708
1836043,1072,-6.000000,3053
1839715,1073,6.000000,3672
1842778,1074,-8.000000,3063
1846825,1075,-4.000000,4047
1850137,1076,-8.000000,3312
1853465,1077,5.000000,3328
1856937,1078,-7.000000,3472
1860403,1079,-6.000000,3466
1863355,1080,-7.000000,2952
1867090,1081,-2.000000,3735
1870317,1082,-5.000000,3227
1873640,1083,-10.000000,3323
1877589,1084,-4.000000,3949
1881245,1085,-3.000000,3656
1884227,1086,-7.000000,2982
1887106,1087,9.000000,2879
1891734,1088,-4.000000,4628
1895229,1089,-3.000000,3495
1898438,1090,-6.000000,3209
1902364,1091,-1.000000,3926
1906546,1092,-5.000000,4182
1909346,1093,-4.000000,2800
1913200,1094,1.000000,3854
1917288,1095,-4.000000,4088
1920296,1096,-7.000000,3008
1923840,1097,3.000000,3544
1926914,1098,5.000000,3074
1930437,1099,-5.000000,3523
1933968,1100,6.000000,3531
1937423,1101,-3.000000,3455
1940811,1102,-5.000000,3388
1944040,1103,3.000000,3229
1947480,1104,-8.000000,3440
1951687,1105,3.000000,4207
1955731,1106,4.000000,4044
1960095,1107,1.000000,4364
1963770,1108,3.000000,3675
1967232,1109,4.000000,3462
1971284,1110,-6.000000,4052
1974628,1111,7.000000,3344
1977885,1112,9.000000,3257
1980903,1113,10.000000,3018
1984315,1114,6.000000,3412
1987454,1115,6.000000,3139
1990484,1116,9.000000,3030
1993396,1117,10.000000,2912
1996649,1118,9.000000,3253
2000651,1119,-4.000000,4002
2004520,1120,5.000000,3869
2007631,1121,6.000000,3111
2011155,1122,7.000000,3524
2015168,1123,2.000000,4013
2018633,1124,3.000000,3465
2021704,1125,9.000000,3071
2025034,1126,9.000000,3330
2029189,1127,4.000000,4155
2032990,1128,7.000000,3801
2035805,1129,11.000000,2815
2039080,1130,9.000000,3275
2042202,1131,7.000000,3122
2045916,1132,2.000000,3714
2049208,1133,11.000000,3292
2052239,1134,12.000000,3031
2055890,1135,5.000000,3651
2060195,1136,-2.000000,4305
2064418,1137,-1.000000,4223
2067387,1138,12.000000,2969
2070935,1139,7.000000,3548
2074627,1140,5.000000,3692
2077900,1141,5.000000,3273
2081660,1142,3.000000,3760
2085510,1143,-3.000000,3850
2088690,1144,8.000000,3180
2091404,1145,10.000000,2714
2094366,1146,7.000000,2962
2098694,1147,2.000000,4328
2102586,1148,5.000000,3892
2106720,1149,5.000000,4134
2109400,1150,11.000000,2680
2113194,1151,8.000000,3794
2116410,1152,-3.000000,3216
2119248,1153,13.000000,2838
2122978,1154,8.000000,3730
2126257,1155,9.000000,3279
2129897,1156,4.000000,3640
2133877,1157,3.000000,3980
2137371,1158,10.000000,3494
2141401,1159,2.000000,4030
2145562,1160,-3.000000,4161
2149858,1161,4.000000,4296
2153909,1162,3.000000,4051
2157254,1163,12.000000,3345
2160813,1164,6.000000,3559
2164572,1165,5.000000,3759
2167923,1166,-7.000000,3351
2171318,1167,7.000000,3395
2175542,1168,6.000000,4224
2178743,1169,8.000000,3201
2182427,1170,11.000000,3684
2186234,1171,2.000000,3807
2189906,1172,3.000000,3672
2194108,1173,2.000000,4202
2198067,1174,7.000000,3959
2201160,1175,9.000000,3093
2204818,1176,8.000000,3658
2209463,1177,10.000000,4645
2213265,1178,-5.000000,3802
2217191,1179,4.000000,3926
2221429,1180,3.000000,4238
2225525,1181,4.000000,4096
2228958,1182,7.000000,3433
2232318,1183,7.000000,3360
2236812,1184,5.000000,4494
2240443,1185,7.000000,3631
2243782,1186,8.000000,3339
2246700,1187,11.000000,2918
2250537,1188,9.000000,3837
2254661,1189,2.000000,4124
2259032,1190,-2.000000,4371
2261788,1191,11.000000,2756
2265049,1192,9.000000,3261
2269071,1193,5.000000,4022
2272640,1194,5.000000,3569
2276601,1195,-2.000000,3961
2278633,1196,17.000000,2032
2281816,1197,12.000000,3183
2284974,1198,15.000000,3158
2288443,1199,3.000000,3469
2292332,1200,4.000000,3889
2296279,1201,-2.000000,3947
2300403,1202,3.000000,4124
2303481,1203,10.000000,3078
2306856,1204,8.000000,3375
2309604,1205,12.000000,2748
2312987,1206,-5.000000,3383
2316602,1207,-1.000000,3615
2320248,1208,5.000000,3646
2325339,1209,3.000000,5091
2328636,1210,5.000000,3297
2332455,1211,4.000000,3819
2336714,1212,2.000000,4259
2340845,1213,-1.000000,4131
2344690,1214,3.000000,3845
2348188,1215,-4.000000,3498
2351313,1216,10.000000,3125
2354732,1217,8.000000,3419
2357675,1218,10.000000,2943
2360855,1219,5.000000,3180
2364516,1220,9.000000,3661
2367855,1221,8.000000,3339
2371658,1222,-4.000000,3803
2374376,1223,12.000000,2718
2377747,1224,6.000000,3371
2381196,1225,-1.000000,3449
2384310,1226,9.000000,3114
2387736,1227,-5.000000,3426
2391153,1228,4.000000,3417
2394861,1229,4.000000,3708
2398394,1230,6.000000,3533
2401647,1231,11.000000,3253
2405244,1232,4.000000,3597
2408838,1233,9.000000,3594
2413233,1234,1.000000,4395
2415621,1235,15.000000,2388
2418895,1236,4.000000,3274
2422407,1237,8.000000,3512
2426003,1238,5.000000,3596
2429044,1239,6.000000,3041
2431874,1240,10.000000,2830
2434689,1241,13.000000,2815
2437631,1242,10.000000,2942
2440455,1243,12.000000,2824
2442910,1244,15.000000,2455
2446349,1245,4.000000,3439
2449280,1246,12.000000,2931
2451895,1247,9.000000,2615
2455044,1248,-1.000000,3149
2458478,1249,7.000000,3434
2461071,1250,13.000000,2593
2463558,1251,11.000000,2487
2466704,1252,6.000000,3146
2469841,1253,10.000000,3137
2472681,1254,11.000000,2840
2475072,1255,14.000000,2391
2477595,1256,14.000000,2523
2481307,1257,1.000000,3712
2483649,1258,15.000000,2342
2486823,1259,10.000000,3174
2489897,1260,12.000000,3074
2492870,1261,7.000000,2973
2495244,1262,12.000000,2374
2497983,1263,12.000000,2739
2500911,1264,11.000000,2928
2502796,1265,17.000000,1885
2505847,1266,14.000000,3051
2508155,1267,17.000000,2308
2511461,1268,13.000000,3306
2515514,1269,-2.000000,4053
2518217,1270,11.000000,2703
2520410,1271,15.000000,2193
2522642,1272,18.000000,2232
2525587,1273,9.000000,2945
2528644,1274,10.000000,3057
2531655,1275,9.000000,3011
2534244,1276,13.000000,2589
2537009,1277,14.000000,2765
2539647,1278,8.000000,2638
2542731,1279,12.000000,3084
2546142,1280,3.000000,3411
2549386,1281,6.000000,3244
2552532,1282,8.000000,3146
2555744,1283,7.000000,3212
2558688,1284,-4.000000,2944
2562246,1285,-1.000000,3558
2564648,1286,17.000000,2402
2567661,1287,5.000000,3013
2571567,1288,-5.000000,3906
2574251,1289,12.000000,2684
2576694,1290,13.000000,2443
2579532,1291,10.000000,2838
2582065,1292,13.000000,2533
2584454,1293,13.000000,2389
2587156,1294,10.000000,2702
2589440,1295,16.000000,2284
2592115,1296,12.000000,2675
2594743,1297,12.000000,2628
2596899,1298,17.000000,2156
2599612,1299,11.000000,2713
2601856,1300,13.000000,2244
2604230,1301,13.000000,2374
2607141,1302,7.000000,2911
2609903,1303,12.000000,2762
2612560,1304,12.000000,2657
2615185,1305,12.000000,2625
2618274,1306,10.000000,3089
2620906,1307,17.000000,2632
2623591,1308,12.000000,2685
2626835,1309,13.000000,3244
2630002,1310,8.000000,3167
2632740,1311,18.000000,2738
2635329,1312,10.000000,2589
2638098,1313,13.000000,2769
2640786,1314,13.000000,2688
2643381,1315,15.000000,2595
2646338,1316,11.000000,2957
2649436,1317,11.000000,3098
2652521,1318,9.000000,3085
2655366,1319,11.000000,2845
2658273,1320,9.000000,2907
2661123,1321,7.000000,2850
2664510,1322,4.000000,3387
2667161,1323,9.000000,2651
2670187,1324,10.000000,3026
2672801,1325,9.000000,2614
2675878,1326,4.000000,3077
2678177,1327,14.000000,2299
2680570,1328,16.000000,2393
2683692,1329,12.000000,3122
2686303,1330,12.000000,2611
2689687,1331,3.000000,3384
2692442,1332,9.000000,2755
2694616,1333,16.000000,2174
2698293,1334,5.000000,3677
2701309,1335,9.000000,3016
2704024,1336,8.000000,2715
2707159,1337,11.000000,3135
2709961,1338,9.000000,2802
2712077,1339,15.000000,2116
2714872,1340,11.000000,2795
2718095,1341,9.000000,3223
2721067,1342,8.000000,2972
2723369,1343,13.000000,2302
2726331,1344,8.000000,2962
2728890,1345,11.000000,2559
2732289,1346,1.000000,3399
2735653,1347,-4.000000,3364
2738648,1348,9.000000,2995
2740580,1349,18.000000,1932
2743397,1350,11.000000,2817
2746526,1351,9.000000,3129
2749054,1352,12.000000,2528
2752136,1353,8.000000,3082
2754788,1354,13.000000,2652
2758537,1355,2.000000,3749
2761167,1356,8.000000,2630
2764911,1357,5.000000,3744
2767049,1358,16.000000,2138
2769975,1359,4.000000,2926
2772908,1360,10.000000,2933
2776438,1361,7.000000,3530
2779219,1362,11.000000,2781
2781571,1363,14.000000,2352
2784350,1364,11.000000,2779
2786583,1365,16.000000,2233
2789242,1366,10.000000,2659
2792498,1367,7.000000,3256
2795253,1368,10.000000,2755
2797742,1369,13.000000,2489
2800608,1370,6.000000,2866
2803679,1371,9.000000,3071
2805990,1372,13.000000,2311
2808837,1373,8.000000,2847
2811287,1374,12.000000,2450
2813728,1375,10.000000,2441
2816237,1376,13.000000,2509
2818732,1377,11.000000,2495
2821047,1378,14.000000,2315
2823422,1379,12.000000,2375
2825621,1380,14.000000,2199
2828543,1381,12.000000,2922
2830901,1382,16.000000,2358
2833503,1383,12.000000,2602
2836129,1384,13.000000,2626
2838598,1385,14.000000,2469
2841159,1386,14.000000,2561
2843598,1387,15.000000,2439
2846117,1388,12.000000,2519
2849381,1389,3.000000,3264
2851843,1390,12.000000,2462
2854467,1391,11.000000,2624
2857879,1392,3.000000,3412
2860409,1393,10.000000,2530
2862718,1394,14.000000,2309
2866086,1395,2.000000,3368
2868261,1396,17.000000,2175
2870508,1397,13.000000,2247
2873202,1398,9.000000,2694
2876055,1399,12.000000,2853
2878101,1400,18.000000,2046
2880846,1401,14.000000,2745
2883866,1402,10.000000,3020
2886242,1403,14.000000,2376
2889133,1404,14.000000,2891
2892389,1405,6.000000,3256
2895482,1406,9.000000,3093
2898287,1407,13.000000,2805
2900573,1408,13.000000,2286
2904288,1409,4.000000,3715
2906691,1410,15.000000,2403
2909223,1411,10.000000,2532
2912146,1412,6.000000,2923
2914644,1413,10.000000,2498
2917137,1414,11.000000,2493
2920327,1415,5.000000,3190
2923408,1416,8.000000,3081
2926481,1417,5.000000,3073
2929088,1418,14.000000,2607
2932103,1419,12.000000,3015
2934853,1420,12.000000,2750
2938328,1421,2.000000,3475
2940235,1422,18.000000,1907
2942507,1423,14.000000,2272
2945051,1424,13.000000,2544
2947355,1425,15.000000,2304
2949700,1426,13.000000,2345
2952488,1427,9.000000,2788
2954582,1428,17.000000,2094
2956691,1429,17.000000,2109
2959450,1430,8.000000,2759
2961681,1431,16.000000,2231
2963854,1432,14.000000,2173
2966462,1433,11.000000,2608
2968820,1434,13.000000,2358
2971477,1435,8.000000,2657
2974050,1436,12.000000,2573
2976756,1437,10.000000,2706
2979017,1438,16.000000,2261
2981401,1439,13.000000,2384
2983954,1440,12.000000,2553
2986513,1441,9.000000,2559
2989437,1442,10.000000,2924
2992177,1443,9.000000,2740
2994760,1444,13.000000,2583
2997656,1445,10.000000,2896
